작업ID,승인,상태,제목,본문,해시태그,유튜브-롱폼,유튜브-쇼츠,인스타-게시물,인스타-쇼츠,네이버블로그,결과 요약,게시완료일시,갱신시각,메모
JOB-0007,Y,대기,신제품 출시,새로 나온 제품을 소개합니다. 자세한 내용은 아래 블록을 참고하세요.,#신제품 #출시,FALSE,TRUE,FALSE,TRUE,TRUE,,,,예시 데이터 (실제 게시 전 확인용)
JOB-0001,Y,대기,봄 신상 하이라이트,봄 신상 제품을 짧게 소개합니다.,#봄신상,FALSE,TRUE,FALSE,FALSE,FALSE,,,,케이스 1: 쇼츠 단일 형식 (정상)
JOB-0002,Y,대기,여름 룩북 한 장 요약,여름 룩북 이미지 3장을 모았습니다.,#여름룩북,FALSE,FALSE,TRUE,FALSE,FALSE,,,,케이스 2: 캐러셀 단일 (정상)
JOB-0003,Y,대기,사용 후기 정리,직접 써 보고 정리한 후기입니다.,#후기,FALSE,FALSE,FALSE,FALSE,TRUE,,,,케이스 3: 블로그 단일 (정상 / 오버라이드 없음)
JOB-0004,Y,대기,겨울 신제품 티저,겨울 신제품 티저입니다.,#겨울,FALSE,TRUE,FALSE,TRUE,FALSE,,,,케이스 4: 영상 블록 없음 -> 확인필요
JOB-0005,Y,대기,비교 리뷰 A vs B,두 제품을 비교했습니다.,#비교,FALSE,TRUE,FALSE,TRUE,FALSE,,,,케이스 5: 영상 블록 2개 -> 확인필요
JOB-0006,Y,대기,가을 세일 안내,가을 세일이 시작됐습니다.,#세일,FALSE,TRUE,FALSE,FALSE,TRUE,,,,케이스 6: 영상이 3번 위치 (쇼츠 정상 / 블로그 순서 유의)
JOB-0008,,대기,보관 중인 초안,아직 승인하지 않은 초안입니다.,#초안,FALSE,TRUE,FALSE,FALSE,FALSE,,,,케이스 8: 승인 빈칸 -> 처리 안 함
JOB-0009,Y,완료,지난달 프로모션,지난달 진행한 프로모션입니다.,#프로모션,FALSE,TRUE,FALSE,FALSE,FALSE,유튜브 게시 완료,2026-09-20 14:00,2026-09-20 14:05,케이스 9: 이미 완료 -> 재처리 안 함
JOB-0010,Y,진행중,연말 정리 영상,연말 정리 영상입니다.,#연말,TRUE,FALSE,FALSE,FALSE,TRUE,,,2026-10-06 9:00,케이스 10: 진행중 -> 중복 실행 안 함
JOB-0011,Y,대기,장문 리뷰,긴 리뷰 영상과 블로그 글입니다.,#리뷰,TRUE,FALSE,FALSE,FALSE,TRUE,,,,케이스 11: 블로그가 유튜브 롱폼 결과에 의존
