작업ID,순서,종류,내용,파일ID
JOB-0007,1,영상,,EXAMPLE_FILE_ID_VIDEO_9X16
JOB-0007,2,텍스트,신제품의 주요 특징을 정리했습니다. 가볍고 설치가 간편합니다.,
JOB-0007,3,이미지,,EXAMPLE_FILE_ID_IMAGE_01
JOB-0007,4,텍스트,구매 안내: 공식 홈페이지에서 주문할 수 있습니다.,
JOB-0001,1,영상,,EX_VID_SHORT_01
JOB-0001,2,텍스트,봄 신상 핵심 포인트 세 가지.,
JOB-0002,1,이미지,,EX_IMG_LOOK_01
JOB-0002,2,이미지,,EX_IMG_LOOK_02
JOB-0002,3,이미지,,EX_IMG_LOOK_03
JOB-0003,1,텍스트,"사용 기간 한 달, 좋았던 점과 아쉬운 점을 정리합니다.",
JOB-0003,2,이미지,,EX_IMG_REVIEW_01
JOB-0003,3,텍스트,총평: 가격 대비 만족도가 높습니다.,
JOB-0004,1,텍스트,티저 소개 문단.,
JOB-0004,2,이미지,,EX_IMG_TEASER_01
JOB-0005,1,영상,,EX_VID_COMPARE_A
JOB-0005,2,텍스트,비교 포인트.,
JOB-0005,3,영상,,EX_VID_COMPARE_B
JOB-0006,1,텍스트,세일 기간 안내.,
JOB-0006,2,이미지,,EX_IMG_SALE_01
JOB-0006,3,영상,,EX_VID_SALE_01
JOB-0006,4,텍스트,자세한 혜택은 매장에서 확인하세요.,
JOB-0008,1,텍스트,초안 문단.,
JOB-0009,1,영상,,EX_VID_PROMO_01
JOB-0010,1,영상,,EX_VID_YEAREND_01
JOB-0010,2,텍스트,연말 정리 요약.,
JOB-0011,1,영상,,EX_VID_LONG_01
JOB-0011,2,텍스트,블로그에 들어갈 리뷰 본문.,
JOB-0011,3,이미지,,EX_IMG_LONG_01
