작업ID,케이스,예상 결과
JOB-0001,쇼츠 단일 형식,유튜브-쇼츠 게시 (영상 1번 블록 사용). 오버라이드 "썸네일"은 쇼츠 규칙에 없는 필드이므로 확인필요
JOB-0002,캐러셀 단일 형식,인스타-게시물에 이미지 3장 순서대로 게시
JOB-0003,블로그 단일 형식,블록 순서대로 본문 배치. 오버라이드 없으므로 기본 제목 사용
JOB-0004,영상 블록 없음,쇼츠 게시 안 함. 상태 확인필요 (사유: 영상 블록 없음)
JOB-0005,영상 블록 2개,쇼츠 게시 안 함. 상태 확인필요 (사유: 영상 블록 여러 개)
JOB-0006,영상이 3번 위치,쇼츠는 3번 영상 사용 (정상). 블로그는 순서대로 펼치며 영상은 유튜브 링크로 대체. 블로그 제목은 오버라이드 값 사용
JOB-0007,견본 (3개 형식 전체),유튜브-쇼츠와 인스타-쇼츠는 1번 영상 사용. 블로그는 블록 전체 사용
JOB-0008,승인 빈칸,처리하지 않음
JOB-0009,이미 완료,재처리하지 않음 (재게시 규칙 필요)
JOB-0010,진행중,중복 실행하지 않음. 오래 진행중이면 확인필요 전환 규칙 적용
JOB-0011,블로그가 롱폼에 의존,유튜브-롱폼 게시가 성공해야 블로그 실행. 실패 시 블로그는 의존실패
